Workbook

Sheet Template
A1: GW(N) | B1: Team1 | C1: (C) | D1: Goals | E1: Assists | F1: CS | G1: Team 2 | H1: (C) | I1: Goals | J1: Assists | K1: CS
A12: Score | B12: =IF(D12 > I12, "W", IF(D12 < I12, "L", "D")) -> D | D12: =SUM(D2:D11) -> 0 | G12: =IF(I12 > D12, "W", IF(I12 < D12, "L", "D")) -> D | I12: =sum(I2:I11) -> 0 | L12: VENUE

Sheet GW1
A1: GW1 | B1: Team1 | C1: (C) | D1: Goals | E1: Assists | F1: CS | G1: Team 2 | H1: (C) | I1: Goals | J1: Assists | K1: CS
B2: Char | C2: Y | D2: 2 | E2: 3 | G2: Ram | H2: Y | I2: 4
B3: JPH | D3: 1 | E3: 1 | G3: Joe | I3: 2
B4: Nairn | D4: 3 | E4: 1 | F4: 1 | G4: Dave | I4: 1 | J4: 2
B5: Harry | G5: Jez | I5: 2 | J5: 4 | K5: 1
B6: Will Mac | D6: 3 | E6: 4 | G6: Dan | I6: 5 | J6: 2
G7: Kempy | J7: 1
A12: Score | B12: =IF(D12 > I12, "W", IF(D12 < I12, "L", "D")) -> L | D12: =SUM(D2:D11) -> 9 | G12: =IF(I12 > D12, "W", IF(I12 < D12, "L", "D")) -> W | I12: =sum(I2:I11) -> 14 | L12: Mile End

Sheet GW2
A1: GW2 | B1: Team1 | C1: (C) | D1: Goals | E1: Assists | F1: CS | G1: Team 2 | H1: (C) | I1: Goals | J1: Assists | K1: CS
B2: Nairn | C2: Y | D2: 4 | E2: 1 | G2: Will Mac | H2: Y | I2: 3 | J2: 1
B3: Jez | G3: Ram | I3: 2 | J3: 2 | K3: 1
B4: Dave | D4: 1 | F4: 1 | G4: Dan | I4: 1 | J4: 1
B5: Joe | D5: 3 | E5: 4 | G5: Bill | I5: 1 | J5: 1
B6: Char | D6: 3 | E6: 1 | G6: Kempy | I6: 1 | K6: 1
G7: JPH
G8: OG
A12: Score | B12: =IF(D12 > I12, "W", IF(D12 < I12, "L", "D")) -> W | D12: =SUM(D2:D11) -> 11 | G12: =IF(I12 > D12, "W", IF(I12 < D12, "L", "D")) -> L | I12: =sum(I2:I11) -> 8 | L12: Mile End

Sheet GW3
A1: GW3 | B1: Team1 | C1: (C) | D1: Goals | E1: Assists | F1: CS | G1: Team 2 | H1: (C) | I1: Goals | J1: Assists | K1: CS
B2: Jez | D2: 5 | E2: 3 | F2: Y | G2: Kempy | H2: Y | J2: 1
B3: Char | D3: 4 | E3: 4 | G3: Nairn | I3: 2 | J3: 1
B4: Harry | C4: Y | D4: 1 | E4: 4 | G4: Gman | I4: 1
B5: LG | D5: 3 | F5: Y | G5: Jamal | J5: 1 | K5: Y
B6: Nik | G6: JPH | I6: 1
B7: Dave | D7: 1 | G7: Will Mac
A12: Score | B12: =IF(D12 > I12, "W", IF(D12 < I12, "L", "D")) -> W | D12: =SUM(D2:D11) -> 14 | G12: =IF(I12 > D12, "W", IF(I12 < D12, "L", "D")) -> L | I12: =sum(I2:I11) -> 4 | L12: Brixton

Sheet GW4
A1: GW4 | B1: Team1 | C1: (C) | D1: Goals | E1: Assists | F1: CS | G1: Team 2 | H1: (C) | I1: Goals | J1: Assists | K1: CS
B2: Dave | C2: Y | G2: Gman | H2: Y | J2: 1
B3: Nik | D3: 1 | E3: 1 | G3: Joe | I3: 3 | J3: 1
B4: Jan | D4: 1 | E4: 2 | G4: LG | I4: 2 | J4: 1
B5: Jez | D5: 3 | G5: Bill | I5: 1 | J5: 5
B6: Char | D6: 2 | E6: 1 | G6: JPH | I6: 2
B7: Will Mac | D7: 1 | E7: 1 | G7: Leo | I7: 3 | J7: 1
A12: Score | B12: =IF(D12 > I12, "W", IF(D12 < I12, "L", "D")) -> L | D12: =SUM(D2:D11) -> 8 | G12: =IF(I12 > D12, "W", IF(I12 < D12, "L", "D")) -> W | I12: =sum(I2:I11) -> 11 | L12: Stockwell

Sheet GW5
A1: GW5 | B1: Team1 | C1: (C) | D1: Goals | E1: Assists | F1: CS | G1: Team 2 | H1: (C) | I1: Goals | J1: Assists | K1: CS
B2: Jez | D2: 1 | E2: 1 | G2: Joe | I2: 1 | J2: 2
B3: LG | C3: Y | D3: 1 | G3: Dave | I3: 1
B4: Jacob | D4: 1 | E4: 1 | F4: 1 | G4: Dan | H4: Y
B5: Char | D5: 3 | F5: 1 | G5: Leo | I5: 1
B6: Will Mac | D6: 1 | E6: 1 | G6: Nairn | I6: 1 | J6: 1
B7: Jamal | D7: 1 | G7: Kempy | I7: 1 | J7: 1 | K7: 1
A12: Score | B12: =IF(D12 > I12, "W", IF(D12 < I12, "L", "D")) -> W | D12: =SUM(D2:D11) -> 8 | G12: =IF(I12 > D12, "W", IF(I12 < D12, "L", "D")) -> L | I12: =sum(I2:I11) -> 5 | L12: Mile End

Sheet GW6
A1: GW6 | B1: Team1 | C1: (C) | D1: Goals | E1: Assists | F1: CS | G1: Team 2 | H1: (C) | I1: Goals | J1: Assists | K1: CS
B2: Jez | D2: 2 | E2: 2 | F2: 1 | G2: Nairn | I2: 1 | K2: 1
B3: Char | C3: Y | D3: 3 | E3: 1 | G3: Joe | I3: 1 | J3: 2
B4: Dan | D4: 1 | E4: 1 | F4: 1 | G4: Leo | H4: Y
B5: Will Mac | D5: 4 | E5: 3 | G5: Jan | I5: 1
B6: Harry | D6: 1 | E6: 2 | G6: Dave
G7: Gman | I7: 2
A12: Score | B12: =IF(D12 > I12, "W", IF(D12 < I12, "L", "D")) -> W | D12: =SUM(D2:D11) -> 11 | G12: =IF(I12 > D12, "W", IF(I12 < D12, "L", "D")) -> L | I12: =sum(I2:I11) -> 5 | L12: Mile End

Sheet GW7
A1: GW7 | B1: Team1 | C1: (C) | D1: Goals | E1: Assists | F1: CS | G1: Team 2 | H1: (C) | I1: Goals | J1: Assists | K1: CS
B2: Jez | D2: 1 | E2: 1 | G2: Kempy | I2: 2 | J2: 1 | K2: 1
B3: Char | D3: 2 | G3: Nairn | I3: 3 | J3: 2
B4: Will Mac | D4: 2 | E4: 1 | G4: Jay | K4: 1
B5: Jan | E5: 1 | G5: Nik | I5: 2 | J5: 1
B6: Gman | G6: Bill | H6: Y | I6: 2 | J6: 2
B7: Dave | C7: Y | D7: 1 | G7: Leo | I7: 1 | J7: 2
A12: Score | B12: =IF(D12 > I12, "W", IF(D12 < I12, "L", "D")) -> L | D12: =SUM(D2:D11) -> 6 | G12: =IF(I12 > D12, "W", IF(I12 < D12, "L", "D")) -> W | I12: =sum(I2:I11) -> 10 | L12: Stockwell

Sheet GW8
A1: GW8 | B1: Team1 | C1: (C) | D1: Goals | E1: Assists | F1: CS | G1: Team 2 | H1: (C) | I1: Goals | J1: Assists | K1: CS
B2: Nairn | C2: Y | D2: 1 | E2: 2 | F2: 1 | G2: Kempy | H2: Y | J2: 3
B3: Jez | D3: 3 | E3: 1 | G3: Dave | K3: 1
B4: Will Mac | D4: 4 | E4: 1 | G4: Jan | I4: 1
B5: Gman | D5: 1 | E5: 1 | G5: Harry
B6: Nik | G6: Bill
B7: Char | D7: 1 | E7: 1 | G7: Leo | I7: 4
G8: OG | I8: 1
A12: Score | B12: =IF(D12 > I12, "W", IF(D12 < I12, "L", "D")) -> W | D12: =SUM(D2:D11) -> 10 | G12: =IF(I12 > D12, "W", IF(I12 < D12, "L", "D")) -> L | I12: =sum(I2:I11) -> 6 | L12: Mile End

Sheet GW9
A1: GW9 | B1: Team1 | C1: (C) | D1: Goals | E1: Assists | F1: CS | G1: Team 2 | H1: (C) | I1: Goals | J1: Assists | K1: CS
B2: Nik | C2: Y | G2: Char
B3: Jez | D3: 2 | E3: 3 | G3: Crell | I3: 1 | J3: 1
B4: Bill | D4: 2 | G4: Jan | H4: Y | I4: 3
B5: Harry | E5: 1 | G5: Gman
B6: Jamal | G6: Leo | J6: 3
B7: JPH | D7: 2 | E7: 1 | G7: Nairn | I7: 2 | J7: 2
A12: Score | B12: =IF(D12 > I12, "W", IF(D12 < I12, "L", "D")) -> D | D12: =SUM(D2:D11) -> 6 | G12: =IF(I12 > D12, "W", IF(I12 < D12, "L", "D")) -> D | I12: =sum(I2:I11) -> 6 | L12: Brixton

Sheet GW10
A1: GW10 | B1: Team1 | C1: (C) | D1: Goals | E1: Assists | F1: CS | G1: Team 2 | H1: (C) | I1: Goals | J1: Assists | K1: CS
B2: Crell | C2: Y | D2: 1 | E2: 1 | G2: Dan | H2: Y | I2: 2 | J2: 1
B3: Bill | D3: 3 | E3: 1 | G3: Char | I3: 2 | J3: 1 | K3: 1
B4: Kempy | D4: 3 | E4: 2 | G4: Dave
A5: Tom | B5: Thorny | F5: 1 | G5: Harry | I5: 1 | J5: 1
B6: Gman | E6: 2 | G6: Will Mac | I6: 1 | J6: 2
A12: Score | B12: =IF(D12 > I12, "W", IF(D12 < I12, "L", "D")) -> W | D12: =SUM(D2:D11) -> 7 | G12: =IF(I12 > D12, "W", IF(I12 < D12, "L", "D")) -> L | I12: =sum(I2:I11) -> 6 | L12: Mile End

Sheet GW11
A1: GW11 | B1: Team1 | C1: (C) | D1: Goals | E1: Assists | F1: CS | G1: Team 2 | H1: (C) | I1: Goals | J1: Assists | K1: CS
B2: Dave | C2: Y | E2: 1 | F2: 1 | G2: JPH | H2: Y | I2: 2
B3: Jez | D3: 3 | E3: 1 | G3: Kempy | I3: 1 | J3: 1
B4: Harry | D4: 1 | E4: 1 | G4: Crell | I4: 1
B5: Will Mac | D5: 5 | E5: 2 | G5: Bill | I5: 1
B6: Dan | D6: 3 | E6: 2 | G6: Char | J6: 2
B7: Ben | E7: 1 | G7: Gman | I7: 2 | K7: 1
A12: Score | B12: =IF(D12 > I12, "W", IF(D12 < I12, "L", "D")) -> W | D12: =SUM(D2:D11) -> 12 | G12: =IF(I12 > D12, "W", IF(I12 < D12, "L", "D")) -> L | I12: =sum(I2:I11) -> 7 | L12: Mile End

Sheet GW12
A1: GW12 | B1: Team1 | C1: (C) | D1: Goals | E1: Assists | F1: CS | G1: Team 2 | H1: (C) | I1: Goals | J1: Assists | K1: CS
B2: Jez | C2: Y | D2: 1 | E2: 1 | F2: 1 | G2: Ben | I2: 1 | J2: 1 | K2: 1
B3: Kempy | D3: 2 | G3: Char | I3: 4 | K3: 1
B4: Crell | G4: Harry | I4: 1 | J4: 2 | K4: 1
B5: Gman | G5: Will Mac | H5: Y | I5: 1 | J5: 0 | K5: 0
B6: Leo | E6: 1 | F6: 1 | G6: Dave | I6: 1 | J6: 3
B7: Jamal | G7: JPH | I7: 2 | J7: 1 | K7: 1
A12: Score | B12: =IF(D12 > I12, "W", IF(D12 < I12, "L", "D")) -> L | D12: =SUM(D2:D11) -> 3 | G12: =IF(I12 > D12, "W", IF(I12 < D12, "L", "D")) -> W | I12: =sum(I2:I11) -> 10 | L12: Stockwell

Sheet GW13
A1: GW12 | B1: Team1 | C1: (C) | D1: Goals | E1: Assists | F1: CS | G1: Team 2 | H1: (C) | I1: Goals | J1: Assists | K1: CS
B2: Ben | E2: 3 | G2: Crell | H2: Y | I2: 1
B3: Jez | D3: 3 | E3: 1 | F3: 1 | G3: Will Mac | I3: 4 | J3: 2 | K3: 1
B4: Nairn | D4: 2 | E4: 1 | F4: 1 | G4: Bill | I4: 1 | K4: 1
B5: Harry | C5: Y | G5: Dan | I5: 2 | J5: 2 | K5: 1
B6: Thorny | G6: Nik
B7: Char | G7: JPH | J7: 1 | K7: 1
G8: OG | I8: 1
A12: Score | B12: =IF(D12 > I12, "W", IF(D12 < I12, "L", "D")) -> L | D12: =SUM(D2:D11) -> 5 | G12: =IF(I12 > D12, "W", IF(I12 < D12, "L", "D")) -> W | I12: =sum(I2:I11) -> 9 | L12: Mile End

Sheet GW14
A1: GW12 | B1: Team1 | C1: (C) | D1: Goals | E1: Assists | F1: CS | G1: Team 2 | H1: (C) | I1: Goals | J1: Assists | K1: CS
B2: Jez | C2: Y | D2: 4 | E2: 4 | G2: Char | H2: Y | I2: 2 | J2: 4
B3: Nairn | D3: 1 | G3: Will Mac | I3: 4 | J3: 3
B4: Bill | D4: 2 | E4: 3 | G4: Harry | I4: 2 | J4: 2
A5: Bart | D5: 2 | G5: Dave | I5: 2
A6: Mark | G6: Nik
A12: Score | B12: =IF(D12 > I12, "W", IF(D12 < I12, "L", "D")) -> L | D12: =SUM(D2:D11) -> 9 | G12: =IF(I12 > D12, "W", IF(I12 < D12, "L", "D")) -> W | I12: =sum(I2:I11) -> 10 | L12: Brixton

Sheet GW15
A1: GW12 | B1: Team1 | C1: (C) | D1: Goals | E1: Assists | F1: CS | G1: Team 2 | H1: (C) | I1: Goals | J1: Assists | K1: CS
B2: Jez | D2: 2 | G2: Dave | J2: 1
B3: Bill | D3: 1 | E3: 1 | G3: Nairn | I3: 3 | J3: 1 | K3: 1
B4: Kempy | D4: 1 | E4: 2 | G4: Will Mac
B5: Leo | C5: Y | D5: 3 | E5: 2 | G5: Dan | H5: Y | I5: 1 | J5: 2
B6: Harry | D6: 1 | E6: 2 | F6: 1 | G6: Char
B7: Gman | D7: 1 | F7: 1 | G7: Crell | I7: 1
B8: OG | G8: OG | I8: 1
A12: Score | B12: =IF(D12 > I12, "W", IF(D12 < I12, "L", "D")) -> W | D12: =SUM(D2:D11) -> 9 | G12: =IF(I12 > D12, "W", IF(I12 < D12, "L", "D")) -> L | I12: =sum(I2:I11) -> 6 | L12: Mile End

Sheet GW16
A1: GW12 | B1: Team1 | C1: (C) | D1: Goals | E1: Assists | F1: CS | G1: Team 2 | H1: (C) | I1: Goals | J1: Assists | K1: CS
B2: Jez | D2: 2 | E2: 2 | F2: 1 | G2: Nik | H2: Y
B3: Harry | D3: 1 | E3: 1 | F3: 1 | G3: Crell
B4: Gman | C4: Y | D4: 1 | E4: 1 | G4: Char | I4: 2
B5: Dave | D5: 2 | E5: 1 | F5: 1 | G5: Ben | J5: 1
B6: Bill | D6: 1 | G6: Joe | I6: 1 | J6: 2 | K6: 1
B7: Will Mac | D7: 3 | E7: 2 | F7: 1 | G7: Kempy
G8: OG | I8: 1
A12: Score | B12: =IF(D12 > I12, "W", IF(D12 < I12, "L", "D")) -> W | D12: =SUM(D2:D11) -> 10 | G12: =IF(I12 > D12, "W", IF(I12 < D12, "L", "D")) -> L | I12: =sum(I2:I11) -> 4 | L12: Stockwell

Sheet GW17
A1: GW12 | B1: Team1 | C1: (C) | D1: Goals | E1: Assists | F1: CS | G1: Team 2 | H1: (C) | I1: Goals | J1: Assists | K1: CS
B2: Jez | D2: 2 | E2: 1 | G2: Char | I2: 3 | J2: 1
B3: Jamal | G3: Nairn | I3: 1 | J3: 2
B4: Gman | G4: Will Mac | H4: Y | I4: 1 | J4: 2 | K4: 1
B5: Joe | C5: Y | D5: 3 | E5: 2 | G5: Harry | I5: 1
B6: Kempy | D6: 3 | E6: 3 | G6: Nik | I6: 1
B7: Thorny | D7: 1 | G7: Dan
A12: Score | B12: =IF(D12 > I12, "W", IF(D12 < I12, "L", "D")) -> W | D12: =SUM(D2:D11) -> 9 | G12: =IF(I12 > D12, "W", IF(I12 < D12, "L", "D")) -> L | I12: =sum(I2:I11) -> 7 | L12: Mile End

Sheet GW18
A1: GW12 | B1: Team1 | C1: (C) | D1: Goals | E1: Assists | F1: CS | G1: Team 2 | H1: (C) | I1: Goals | J1: Assists | K1: CS
B2: Jez | D2: 1 | E2: 1 | G2: Bill | H2: Y | J2: 1
B3: Nairn | G3: Davis
B4: Crell | D4: 2 | G4: Char | K4: 1
B5: Gman | D5: 1 | E5: 1 | G5: Will Mac | I5: 2
B6: Harry | C6: Y | G6: Dave | K6: 1
B7: JPH | E7: 1 | G7: Dan | I7: 1
F8: 1 | G8: OG | I8: 1
A12: Score | B12: =IF(D12 > I12, "W", IF(D12 < I12, "L", "D")) -> D | D12: =SUM(D2:D11) -> 4 | G12: =IF(I12 > D12, "W", IF(I12 < D12, "L", "D")) -> D | I12: =sum(I2:I11) -> 4 | L12: Mile End

Sheet GW19
A1: GW12 | B1: Team1 | C1: (C) | D1: Goals | E1: Assists | F1: CS | G1: Team 2 | H1: (C) | I1: Goals | J1: Assists | K1: CS
B2: Kempy | C2: Y | E2: 1 | G2: Leo | H2: Y
B3: Thorny | F3: 2 | G3: Will Mac | J3: 1
B4: Jez | D4: 2 | E4: 1 | F4: 1 | G4: JPH | J4: 1 | K4: 1
B5: Crell | D5: 1 | E5: 2 | G5: Dave | I5: 2
B6: Harry | D6: 1 | E6: 2 | G6: Nairn | I6: 1 | K6: 1
B7: Char | D7: 2 | G7: Nik
A12: Score | B12: =IF(D12 > I12, "W", IF(D12 < I12, "L", "D")) -> W | D12: =SUM(D2:D11) -> 6 | G12: =IF(I12 > D12, "W", IF(I12 < D12, "L", "D")) -> L | I12: =sum(I2:I11) -> 3 | L12: Brixton

Sheet GW20
A1: GW12 | B1: Team1 | C1: (C) | D1: Goals | E1: Assists | F1: CS | G1: Team 2 | H1: (C) | I1: Goals | J1: Assists | K1: CS
B2: Jez | C2: Y | D2: 4 | G2: Bill | H2: Y
B3: Will Mac | D3: 1 | E3: 2 | F3: 1 | G3: Joe | I3: 2 | J3: 1 | K3: 1
B4: Harry | D4: 1 | G4: Kempy | J4: 2
B5: Gman | E5: 1 | F5: 1 | G5: Dan | I5: 3 | J5: 2
B6: JPH | D6: 1 | E6: 2 | G6: Davis | I6: 2 | J6: 2
B7: Leo | E7: 2 | G7: Dave | I7: 1
A12: Score | B12: =IF(D12 > I12, "W", IF(D12 < I12, "L", "D")) -> L | D12: =SUM(D2:D11) -> 7 | G12: =IF(I12 > D12, "W", IF(I12 < D12, "L", "D")) -> W | I12: =sum(I2:I11) -> 8 | L12: Mile End

Sheet GW21
A1: GW12 | B1: Team1 | C1: (C) | D1: Goals | E1: Assists | F1: CS | G1: Team 2 | H1: (C) | I1: Goals | J1: Assists | K1: CS
B2: Joe | C2: Y | D2: 3 | G2: Will Mac | H2: Y | I2: 2 | J2: 3 | K2: 1
B3: Gman | G3: Nairn | I3: 4 | J3: 2
B4: Jez | D4: 2 | E4: 1 | G4: JPH
B5: Ben | D5: 1 | E5: 3 | G5: Kempy | I5: 1
B6: Char | D6: 1 | F6: 1 | G6: Crell | I6: 3 | J6: 2
B7: Dave | E7: 1 | G7: Nik
A12: Score | B12: =IF(D12 > I12, "W", IF(D12 < I12, "L", "D")) -> L | D12: =SUM(D2:D11) -> 7 | G12: =IF(I12 > D12, "W", IF(I12 < D12, "L", "D")) -> W | I12: =sum(I2:I11) -> 10 | L12: Stockwell

Sheet GW22
A1: GW12 | B1: Team1 | C1: (C) | D1: Goals | E1: Assists | F1: CS | G1: Team 2 | H1: (C) | I1: Goals | J1: Assists | K1: CS
B2: Char | C2: Y | D2: 3 | G2: JPH | H2: Y | I2: 1 | J2: 1 | K2: 1
B3: Will Mac | D3: 2 | E3: 2 | G3: Jez
B4: Leo | E4: 1 | G4: Crell | J4: 1
B5: Davis | D5: 1 | E5: 1 | G5: Bill
B6: Kempy | D6: 2 | E6: 3 | G6: Thorny
B7: Dave | D7: 1 | E7: 1 | G7: Dan | I7: 2
A12: Score | B12: =IF(D12 > I12, "W", IF(D12 < I12, "L", "D")) -> W | D12: =SUM(D2:D11) -> 9 | G12: =IF(I12 > D12, "W", IF(I12 < D12, "L", "D")) -> L | I12: =sum(I2:I11) -> 3 | L12: Mile End

Sheet GW23
A1: GW12 | B1: Team1 | C1: (C) | D1: Goals | E1: Assists | F1: CS | G1: Team 2 | H1: (C) | I1: Goals | J1: Assists | K1: CS
B2: Nik | C2: Y | F2: 1 | G2: Gman | H2: Y
B3: Jez | D3: 2 | G3: Dan | J3: 1 | K3: 1
B4: Dave | E4: 1 | G4: Nairn | I4: 4 | J4: 1
B5: Char | D5: 3 | E5: 1 | G5: Ben
B6: JPH | D6: 3 | F6: 1 | G6: Will Mac | I6: 1 | K6: 1
B7: Kempy | D7: 1 | E7: 2 | F7: 1 | G7: Crell
A12: Score | B12: =IF(D12 > I12, "W", IF(D12 < I12, "L", "D")) -> W | D12: =SUM(D2:D11) -> 9 | G12: =IF(I12 > D12, "W", IF(I12 < D12, "L", "D")) -> L | I12: =sum(I2:I11) -> 5 | L12: Mile End

Sheet GW24
A1: GW12 | B1: Team1 | C1: (C) | D1: Goals | E1: Assists | F1: CS | G1: Team 2 | H1: (C) | I1: Goals | J1: Assists | K1: CS
B2: Crell | C2: Y | D2: 1 | E2: 3 | G2: Nairn | H2: Y | I2: 3 | J2: 1
B3: Jez | D3: 3 | F3: 1 | G3: Will Mac | J3: 1
B4: Kempy | D4: 1 | E4: 1 | G4: Thorny | K4: 2
B5: Char | D5: 2 | G5: Gman
B6: Dave | G6: Joel | I6: 1
B7: Akshay | E7: 1 | G7: JPH | I7: 1
A12: Score | B12: =IF(D12 > I12, "W", IF(D12 < I12, "L", "D")) -> W | D12: =SUM(D2:D11) -> 7 | G12: =IF(I12 > D12, "W", IF(I12 < D12, "L", "D")) -> L | I12: =sum(I2:I11) -> 5 | L12: Brixton

Sheet GW25
A1: GW12 | B1: Team1 | C1: (C) | D1: Goals | E1: Assists | F1: CS | G1: Team 2 | H1: (C) | I1: Goals | J1: Assists | K1: CS
B2: Kempy | C2: Y | D2: 2 | E2: 2 | G2: Bill | H2: Y | I2: 1
B3: Dave | D3: 2 | E3: 1 | G3: JPH | I3: 3
B4: Char | D4: 2 | G4: Will Mac | I4: 1 | J4: 3
B5: Joe | D5: 2 | E5: 2 | G5: Gman | J5: 1 | K5: 1
B6: Nik | G6: Leo | I6: 3 | J6: 1
A12: Score | B12: =IF(D12 > I12, "W", IF(D12 < I12, "L", "D")) -> D | D12: =SUM(D2:D11) -> 8 | G12: =IF(I12 > D12, "W", IF(I12 < D12, "L", "D")) -> D | I12: =sum(I2:I11) -> 8 | L12: Stockwell

Sheet GW26
A1: GW12 | B1: Team1 | C1: (C) | D1: Goals | E1: Assists | F1: CS | G1: Team 2 | H1: (C) | I1: Goals | J1: Assists | K1: CS
B2: Jez | D2: 5 | G2: Jacob | I2: 2 | J2: 1
B3: Dave | C3: Y | D3: 1 | E3: 3 | G3: Dan | H3: Y | J3: 1
B4: Kempy | E4: 1 | G4: Will Mac | I4: 2
B5: Joe | D5: 1 | E5: 3 | F5: 2 | G5: Char | I5: 1 | J5: 1
B6: Akshay | E6: 1 | G6: Bill
B7: Crell | D7: 2 | G7: JPH | K7: 1
A12: Score | B12: =IF(D12 > I12, "W", IF(D12 < I12, "L", "D")) -> W | D12: =SUM(D2:D11) -> 9 | G12: =IF(I12 > D12, "W", IF(I12 < D12, "L", "D")) -> L | I12: =sum(I2:I11) -> 5 | L12: Mile End

Sheet GW27
A1: GW12 | B1: Team1 | C1: (C) | D1: Goals | E1: Assists | F1: CS | G1: Team 2 | H1: (C) | I1: Goals | J1: Assists | K1: CS
B2: Jez | D2: 3 | G2: Jacob | H2: Y | I2: 3 | J2: 1
B3: LG | C3: Y | G3: JPH | I3: 2 | J3: 1
B4: Kempy | D4: 1 | E4: 3 | G4: Will Mac | K4: 1
B5: Char | D5: 3 | F5: 1 | G5: Gman | K5: 1
B6: Dave | G6: Luke | I6: 1
B7: Dan | G7: Crell | I7: 2 | J7: 2
A12: Score | B12: =IF(D12 > I12, "W", IF(D12 < I12, "L", "D")) -> L | D12: =SUM(D2:D11) -> 7 | G12: =IF(I12 > D12, "W", IF(I12 < D12, "L", "D")) -> W | I12: =sum(I2:I11) -> 8 | L12: Mile End

Sheet GW28
A1: GW12 | B1: Team1 | C1: (C) | D1: Goals | E1: Assists | F1: CS | G1: Team 2 | H1: (C) | I1: Goals | J1: Assists | K1: CS
B2: Kempy | C2: Y | D2: 3 | E2: 2 | G2: Jez | H2: Y | I2: 1 | J2: 4
B3: Joe | D3: 3 | F3: 1 | G3: Will Mac | I3: 4 | J3: 2
B4: Crell | D4: 1 | E4: 1 | G4: Bill | I4: 1
B5: Jan | E5: 1 | F5: 1 | G5: LG
B6: Leo | D6: 1 | E6: 2 | G6: JPH | I6: 2
B7: Gman | E7: 1 | G7: Dave
A12: Score | B12: =IF(D12 > I12, "W", IF(D12 < I12, "L", "D")) -> D | D12: =SUM(D2:D11) -> 8 | G12: =IF(I12 > D12, "W", IF(I12 < D12, "L", "D")) -> D | I12: =sum(I2:I11) -> 8 | L12: Mile End

Sheet GW29
A1: GW12 | B1: Team1 | C1: (C) | D1: Goals | E1: Assists | F1: CS | G1: Team 2 | H1: (C) | I1: Goals | J1: Assists | K1: CS
B2: Davis | C2: Y | D2: 1 | F2: 1 | G2: Leo | H2: Y | I2: 2
B3: Jez | D3: 1 | E3: 1 | G3: Crell | I3: 1 | J3: 2
B4: Char | E4: 3 | G4: Joe | I4: 3 | J4: 2 | K4: 1
B5: Dan | D5: 2 | G5: LG
B6: Ram | F6: 1 | G6: JPH | I6: 2
B7: Will Mac | D7: 2 | E7: 2 | G7: Bill | I7: 2 | J7: 2
B8: OG | D8: 1
A12: Score | B12: =IF(D12 > I12, "W", IF(D12 < I12, "L", "D")) -> L | D12: =SUM(D2:D11) -> 7 | G12: =IF(I12 > D12, "W", IF(I12 < D12, "L", "D")) -> W | I12: =sum(I2:I11) -> 10 | L12: Mile End

Sheet GW30
A1: GW12 | B1: Team1 | C1: (C) | D1: Goals | E1: Assists | F1: CS | G1: Team 2 | H1: (C) | I1: Goals | J1: Assists | K1: CS
B2: Jez | C2: Y | D2: 1 | E2: 3 | F2: 1 | G2: Crell | H2: Y | I2: 1 | J2: 3
B3: Davis | D3: 1 | E3: 2 | G3: Joe | I3: 3 | J3: 1
B4: Bill | D4: 4 | E4: 1 | G4: JPH | I4: 2
B5: Char | D5: 3 | E5: 1 | G5: Kempy | J5: 1
B6: Dave | D6: 1 | E6: 1 | G6: Jules
A12: Score | B12: =IF(D12 > I12, "W", IF(D12 < I12, "L", "D")) -> W | D12: =SUM(D2:D11) -> 10 | G12: =IF(I12 > D12, "W", IF(I12 < D12, "L", "D")) -> L | I12: =sum(I2:I11) -> 6 | L12: Mile End

Sheet GW31
A1: GW12 | B1: Team1 | C1: (C) | D1: Goals | E1: Assists | F1: CS | G1: Team 2 | H1: (C) | I1: Goals | J1: Assists | K1: CS
B2: Dave | C2: Y | E2: 1 | F2: 1 | G2: Char | H2: Y | I2: 3 | K2: 1
B3: Crell | D3: 2 | E3: 1 | G3: Luke | I3: 1
B4: Ram | E4: 4 | G4: JPH | I4: 1
B5: Jez | D5: 3 | F5: 1 | G5: Will Mac | J5: 1 | K5: 1
B6: Jacob | D6: 1 | G6: Kempy | J6: 3
A12: Score | B12: =IF(D12 > I12, "W", IF(D12 < I12, "L", "D")) -> W | D12: =SUM(D2:D11) -> 6 | G12: =IF(I12 > D12, "W", IF(I12 < D12, "L", "D")) -> L | I12: =sum(I2:I11) -> 5 | L12: Mile End

Sheet GW32
A1: GW12 | B1: Team1 | C1: (C) | D1: Goals | E1: Assists | F1: CS | G1: Team 2 | H1: (C) | I1: Goals | J1: Assists | K1: CS
B2: Jez | D2: 2 | E2: 2 | F2: 1 | G2: Kempy | H2: Y | I2: 1
B3: Bill | C3: Y | D3: 3 | F3: 1 | G3: Gman
B4: Crell | D4: 2 | E4: 4 | G4: Ram | J4: 1
B5: Nik | D5: 1 | F5: 1 | G5: Char
B6: Dave | E6: 1 | F6: 1 | G6: JPH
B7: Leo | D7: 2 | F7: 1 | G7: Will Mac
A12: Score | B12: =IF(D12 > I12, "W", IF(D12 < I12, "L", "D")) -> W | D12: =SUM(D2:D11) -> 10 | G12: =IF(I12 > D12, "W", IF(I12 < D12, "L", "D")) -> L | I12: =sum(I2:I11) -> 1 | L12: Mile End

Sheet GW33
A1: GW12 | B1: Team1 | C1: (C) | D1: Goals | E1: Assists | F1: CS | G1: Team 2 | H1: (C) | I1: Goals | J1: Assists | K1: CS
B2: JPH | C2: Y | D2: 2 | E2: 2 | G2: Ram | H2: Y
B3: Jez | D3: 5 | E3: 2 | G3: Joe
B4: Will Mac | D4: 2 | E4: 2 | F4: 1 | G4: Ben
B5: Jan | G5: Char
B6: Nik | F6: 1 | G6: Joel
A12: Score | B12: =IF(D12 > I12, "W", IF(D12 < I12, "L", "D")) -> W | D12: =SUM(D2:D11) -> 9 | G12: =IF(I12 > D12, "W", IF(I12 < D12, "L", "D")) -> L | I12: =sum(I2:I11) -> 0 | L12: Brixton

Sheet GW34
A1: GW12 | B1: Team1 | C1: (C) | D1: Goals | E1: Assists | F1: CS | G1: Team 2 | H1: (C) | I1: Goals | J1: Assists | K1: CS
B2: Crell | D2: 1 | E2: 2 | G2: Gman | H2: Y | J2: 1
B3: Jay | G3: Jez | I3: 1 | J3: 2 | K3: 1
B4: Ram | E4: 2 | G4: Kempy | I4: 1
B5: Nik | G5: Jan | I5: 1
B6: Char | D6: 3 | G6: Dave | I6: 1 | J6: 1 | K6: 1
B7: Harry | F7: 2 | G7: OG | I7: 1
A12: Score | B12: =IF(D12 > I12, "W", IF(D12 < I12, "L", "D")) -> L | D12: =SUM(D2:D11) -> 4 | G12: =IF(I12 > D12, "W", IF(I12 < D12, "L", "D")) -> W | I12: =sum(I2:I11) -> 5 | L12: Stockwell

Sheet GW35
A1: GW12 | B1: Team1 | C1: (C) | D1: Goals | E1: Assists | F1: CS | G1: Team 2 | H1: (C) | I1: Goals | J1: Assists | K1: CS
B2: Will Mac | C2: Y | E2: 1 | G2: Joe | H2: Y | I2: 1 | J2: 1 | K2: 1
B3: Jez | D3: 1 | F3: 1 | G3: Gman
B4: Char | E4: 1 | F4: 1 | G4: Jan
B5: JPH | D5: 2 | F5: 1 | G5: Leo
B6: Kempy | D6: 1 | G6: Ram
B7: Nik | G7: Davis
B8: Dave | E8: 1 | F8: 1 | G8: Bill | J8: 1
B9: OG | D9: 1 | G9: OG | I9: 1
A12: Score | B12: =IF(D12 > I12, "W", IF(D12 < I12, "L", "D")) -> W | D12: =SUM(D2:D11) -> 5 | G12: =IF(I12 > D12, "W", IF(I12 < D12, "L", "D")) -> L | I12: =sum(I2:I11) -> 2 | L12: Stockwell

Sheet GW36
A1: GW12 | B1: Team1 | C1: (C) | D1: Goals | E1: Assists | F1: CS | G1: Team 2 | H1: (C) | I1: Goals | J1: Assists | K1: CS
B2: Dan | C2: Y | D2: 2 | E2: 2 | G2: Nik | H2: Y
B3: Joe | D3: 2 | E3: 3 | G3: Will Mac | I3: 5 | J3: 1
B4: Jan | D4: 1 | G4: Crell | I4: 3 | J4: 2 | K4: 1
B5: Harry | F5: 1 | G5: Ram | I5: 1 | J5: 1
B6: Leo | D6: 6 | E6: 2 | G6: JPH | J6: 4
A12: Score | B12: =IF(D12 > I12, "W", IF(D12 < I12, "L", "D")) -> W | D12: =SUM(D2:D11) -> 11 | G12: =IF(I12 > D12, "W", IF(I12 < D12, "L", "D")) -> L | I12: =sum(I2:I11) -> 9 | L12: Mile End

Sheet GW37
A1: GW12 | B1: Team1 | C1: (C) | D1: Goals | E1: Assists | F1: CS | G1: Team 2 | H1: (C) | I1: Goals | J1: Assists | K1: CS
B2: Jez | C2: Y | D2: 1 | E2: 2 | G2: Will Mac | H2: Y | I2: 1
B3: Davis | D3: 1 | F3: 1 | G3: Joe | I3: 1
B4: Kempy | D4: 2 | E4: 1 | F4: 1 | G4: Harry | I4: 3
B5: Bill | G5: Jan | J5: 1
B6: Crell | D6: 1 | E6: 2 | J6: 1 | K6: 1 | L6: Conrad
B7: Gman | D7: 1 | G7: Char | I7: 1 | J7: 1 | K7: 1
B8: OG | D8: 2
A12: Score | B12: =IF(D12 > I12, "W", IF(D12 < I12, "L", "D")) -> W | D12: =SUM(D2:D11) -> 8 | G12: =IF(I12 > D12, "W", IF(I12 < D12, "L", "D")) -> L | I12: =sum(I2:I11) -> 6 | L12: Brixton

Sheet GW38
A1: GW12 | B1: Team1 | C1: (C) | D1: Goals | E1: Assists | F1: CS | G1: Team 2 | H1: (C) | I1: Goals | J1: Assists | K1: CS
B2: Char | C2: Y | G2: Leo | I2: 3 | J2: 1
B3: Jez | D3: 1 | G3: Bill | K3: 1
B4: Gman | E4: 1 | F4: 1 | G4: Kempy | J4: 3 | K4: 1
B5: Harry | D5: 1 | F5: 1 | G5: Jamal | I5: 2
B6: Jan | F6: 1 | G6: JPH | J6: 2
B7: Luke | G7: Dave | K7: 1
B8: OG | D8: 1
A12: Score | B12: =IF(D12 > I12, "W", IF(D12 < I12, "L", "D")) -> L | D12: =SUM(D2:D11) -> 3 | G12: =IF(I12 > D12, "W", IF(I12 < D12, "L", "D")) -> W | I12: =sum(I2:I11) -> 5 | L12: Mile End

Sheet GW39
A1: GW12 | B1: Team1 | C1: (C) | D1: Goals | E1: Assists | F1: CS | G1: Team 2 | H1: (C) | I1: Goals | J1: Assists | K1: CS
B2: Leo | C2: Y | D2: 1 | G2: Harry | H2: Y
B3: Joe | D3: 1 | E3: 2 | F3: 1 | G3: Jez | J3: 1 | K3: 1
B4: Bill | D4: 1 | F4: 1 | G4: Kempy | I4: 2 | K4: 1
B5: Gman | G5: Crell | J5: 2 | K5: 1
B6: Ram | D6: 1 | G6: Dan | K6: 1
B7: Char | F7: 1 | G7: JPH | I7: 1
G8: OG | I8: 1
A12: Score | B12: =IF(D12 > I12, "W", IF(D12 < I12, "L", "D")) -> D | D12: =SUM(D2:D11) -> 4 | G12: =IF(I12 > D12, "W", IF(I12 < D12, "L", "D")) -> D | I12: =sum(I2:I11) -> 4 | L12: Mile End

Sheet GW40
A1: GW12 | B1: Team1 | C1: (C) | D1: Goals | E1: Assists | F1: CS | G1: Team 2 | H1: (C) | I1: Goals | J1: Assists | K1: CS
B2: Kempy | C2: Y | D2: 1 | E2: 1 | G2: Crell | H2: Y
B3: Jez | D3: 3 | E3: 3 | F3: 1 | G3: Will Mac
B4: Ewan | D4: 3 | E4: 2 | G4: Char | I4: 3
B5: Jamal | D5: 2 | E5: 1 | F5: 1 | G5: Leo
B6: Harry | E6: 2 | G6: Dan | I6: 1
B7: Luke | D7: 3 | E7: 2 | F7: 1 | G7: Gman
A12: Score | B12: =IF(D12 > I12, "W", IF(D12 < I12, "L", "D")) -> W | D12: =SUM(D2:D11) -> 12 | G12: =IF(I12 > D12, "W", IF(I12 < D12, "L", "D")) -> L | I12: =sum(I2:I11) -> 4 | L12: Mile End

Sheet GW41
A1: GW12 | B1: Team1 | C1: (C) | D1: Goals | E1: Assists | F1: CS | G1: Team 2 | H1: (C) | I1: Goals | J1: Assists | K1: CS
A12: Score | B12: =IF(D12 > I12, "W", IF(D12 < I12, "L", "D")) -> D | D12: =SUM(D2:D11) -> 0 | G12: =IF(I12 > D12, "W", IF(I12 < D12, "L", "D")) -> D | I12: =sum(I2:I11) -> 0 | L12: Brixton

Sheet GW42
A1: GW12 | B1: Team1 | C1: (C) | D1: Goals | E1: Assists | F1: CS | G1: Team 2 | H1: (C) | I1: Goals | J1: Assists | K1: CS
A12: Score | B12: =IF(D12 > I12, "W", IF(D12 < I12, "L", "D")) -> D | D12: =SUM(D2:D11) -> 0 | G12: =IF(I12 > D12, "W", IF(I12 < D12, "L", "D")) -> D | I12: =sum(I2:I11) -> 0 | L12: VENUE

Sheet GW43
A1: GW12 | B1: Team1 | C1: (C) | D1: Goals | E1: Assists | F1: CS | G1: Team 2 | H1: (C) | I1: Goals | J1: Assists | K1: CS
A12: Score | B12: =IF(D12 > I12, "W", IF(D12 < I12, "L", "D")) -> D | D12: =SUM(D2:D11) -> 0 | G12: =IF(I12 > D12, "W", IF(I12 < D12, "L", "D")) -> D | I12: =sum(I2:I11) -> 0 | L12: VENUE

Sheet Captaincy
A1: Name | B1: Appearances | C1: Captaincy | D1: Captain Wins | E1: Captain Draws | F1: Captain Losses | G1: Captain win%
A2: Jez | C2: 6
A3: Kempy | C3: 6
A4: Nairn | C4: 3
A5: Ben | C5: 0
A6: Bill | C6: 5
A7: Char | C7: 6
A8: Connor | C8: 0
A9: Corin | C9: 0
A10: Crell | C10: 4
A11: Dave | C11: 5
A12: Ewan | C12: 0
A13: Gman | C13: 4
... A37: Thorny | C37: 0
C38: =sum(C2:C35) -> 73

Sheet Analysis Tab
A1: Name | B1: Appearances | C1: All time apps | D1: Goals | E1: Assists | F1: Clean Sheets | G1: Wins | H1: Draws | I1: Losses | J1: Total Team Goals | K1: Average Team Goals | L1: Total Team Conceded | M1: Average Team conceded | N1: Game Impact Differential | O1: Goals/game | P1: Assists/game | Q1: CS/game | R1: G+A/game | S1: Win rate | T1: Draw rate | U1: Loss rate | V1: Attendance | W1: Goals Per Game in Games they Win | X1: Goals Per Game in Games they Lose | Y1: Goals higher when winning | Z1: Longest Win Streak | AA1: Longest Loss Streak
A2: Jez | B2: =countPlayerOccurrences(A2) -> #NAME? | C2: =SUM(B2, Apps!D2) -> #NAME? | D2: =sumPlayerGoals(A2) -> #NAME? | G2: =countPlayerWins(A2) -> #NAME? | H2: =countPlayerDraws(A2) -> #NAME? | I2: =countPlayerLosses(A2) -> #NAME? | J2: =sumPlayerTeamGoals(A2) -> #NAME? | K2: =J2/B2 -> #NAME? | L2: =sumPlayerConcededGoals(A2) -> #NAME? | M2: =L2/B2 -> #NAME? | N2: =K2-M2 -> #NAME? | O2: =D2/B2 -> #NAME? | S2: =G2/B2 -> #NAME? | T2: =H2/B2 -> #NAME? | U2: =I2/B2 -> #NAME? | V2: =B2/49 -> #NAME? | W2: =goalsPerGameInWins(A2) -> #NAME? | X2: =goalsPerGameInLosses(A2) -> #NAME? | Y2: =W2-X2 -> #NAME? | Z2: =LongestWinStreak(A2) -> #NAME? | AA2: =longestLossStreakEndingWithWin(A2) -> #NAME?
A3: Kempy | B3: =countPlayerOccurrences(A3) -> #NAME? | C3: =SUM(B3, Apps!D3) -> #NAME? | D3: =sumPlayerGoals(A3) -> #NAME? | G3: =countPlayerWins(A3) -> #NAME? | H3: =countPlayerDraws(A3) -> #NAME? | I3: =countPlayerLosses(A3) -> #NAME? | J3: =sumPlayerTeamGoals(A3) -> #NAME? | K3: =J3/B3 -> #NAME? | L3: =sumPlayerConcededGoals(A3) -> #NAME? | M3: =L3/B3 -> #NAME? | N3: =K3-M3 -> #NAME? | O3: =D3/B3 -> #NAME? | S3: =G3/B3 -> #NAME? | T3: =H3/B3 -> #NAME? | U3: =I3/B3 -> #NAME? | V3: =B3/49 -> #NAME? | W3: =goalsPerGameInWins(A3) -> #NAME? | X3: =goalsPerGameInLosses(A3) -> #NAME? | Y3: =W3-X3 -> #NAME? | Z3: =LongestWinStreak(A3) -> #NAME? | AA3: =longestLossStreakEndingWithWin(A3) -> #NAME?
A4: Nairn | B4: =countPlayerOccurrences(A4) -> #NAME? | C4: =SUM(B4, Apps!D4) -> #NAME? | D4: =sumPlayerGoals(A4) -> #NAME? | G4: =countPlayerWins(A4) -> #NAME? | H4: =countPlayerDraws(A4) -> #NAME? | I4: =countPlayerLosses(A4) -> #NAME? | J4: =sumPlayerTeamGoals(A4) -> #NAME? | K4: =J4/B4 -> #NAME? | L4: =sumPlayerConcededGoals(A4) -> #NAME? | M4: =L4/B4 -> #NAME? | N4: =K4-M4 -> #NAME? | O4: =D4/B4 -> #NAME? | S4: =G4/B4 -> #NAME? | T4: =H4/B4 -> #NAME? | U4: =I4/B4 -> #NAME? | V4: =B4/49 -> #NAME? | W4: =goalsPerGameInWins(A4) -> #NAME? | X4: =goalsPerGameInLosses(A4) -> #NAME? | Y4: =W4-X4 -> #NAME? | Z4: =LongestWinStreak(A4) -> #NAME? | AA4: =longestLossStreakEndingWithWin(A4) -> #NAME?
A5: Ben | B5: =countPlayerOccurrences(A5) -> #NAME? | C5: =SUM(B5, Apps!D5) -> #NAME? | D5: =sumPlayerGoals(A5) -> #NAME? | G5: =countPlayerWins(A5) -> #NAME? | H5: =countPlayerDraws(A5) -> #NAME? | I5: =countPlayerLosses(A5) -> #NAME? | J5: =sumPlayerTeamGoals(A5) -> #NAME? | K5: =J5/B5 -> #NAME? | L5: =sumPlayerConcededGoals(A5) -> #NAME? | M5: =L5/B5 -> #NAME? | N5: =K5-M5 -> #NAME? | O5: =D5/B5 -> #NAME? | S5: =G5/B5 -> #NAME? | T5: =H5/B5 -> #NAME? | U5: =I5/B5 -> #NAME? | V5: =B5/49 -> #NAME? | W5: =goalsPerGameInWins(A5) -> #NAME? | X5: =goalsPerGameInLosses(A5) -> #NAME? | Y5: =W5-X5 -> #NAME? | Z5: =LongestWinStreak(A5) -> #NAME? | AA5: =longestLossStreakEndingWithWin(A5) -> #NAME?
A6: Bill | B6: =countPlayerOccurrences(A6) -> #NAME? | C6: =SUM(B6, Apps!D6) -> #NAME? | D6: =sumPlayerGoals(A6) -> #NAME? | G6: =countPlayerWins(A6) -> #NAME? | H6: =countPlayerDraws(A6) -> #NAME? | I6: =countPlayerLosses(A6) -> #NAME? | J6: =sumPlayerTeamGoals(A6) -> #NAME? | K6: =J6/B6 -> #NAME? | L6: =sumPlayerConcededGoals(A6) -> #NAME? | M6: =L6/B6 -> #NAME? | N6: =K6-M6 -> #NAME? | O6: =D6/B6 -> #NAME? | S6: =G6/B6 -> #NAME? | T6: =H6/B6 -> #NAME? | U6: =I6/B6 -> #NAME? | V6: =B6/49 -> #NAME? | W6: =goalsPerGameInWins(A6) -> #NAME? | X6: =goalsPerGameInLosses(A6) -> #NAME? | Y6: =W6-X6 -> #NAME? | Z6: =LongestWinStreak(A6) -> #NAME? | AA6: =longestLossStreakEndingWithWin(A6) -> #NAME?
A7: Char | B7: =countPlayerOccurrences(A7) -> #NAME? | C7: =SUM(B7, Apps!D7) -> #NAME? | D7: =sumPlayerGoals(A7) -> #NAME? | G7: =countPlayerWins(A7) -> #NAME? | H7: =countPlayerDraws(A7) -> #NAME? | I7: =countPlayerLosses(A7) -> #NAME? | J7: =sumPlayerTeamGoals(A7) -> #NAME? | K7: =J7/B7 -> #NAME? | L7: =sumPlayerConcededGoals(A7) -> #NAME? | M7: =L7/B7 -> #NAME? | N7: =K7-M7 -> #NAME? | O7: =D7/B7 -> #NAME? | S7: =G7/B7 -> #NAME? | T7: =H7/B7 -> #NAME? | U7: =I7/B7 -> #NAME? | V7: =B7/49 -> #NAME? | W7: =goalsPerGameInWins(A7) -> #NAME? | X7: =goalsPerGameInLosses(A7) -> #NAME? | Y7: =W7-X7 -> #NAME? | Z7: =LongestWinStreak(A7) -> #NAME? | AA7: =longestLossStreakEndingWithWin(A7) -> #NAME?
A8: Connor | B8: =countPlayerOccurrences(A8) -> #NAME? | C8: =SUM(B8, Apps!D8) -> #NAME? | D8: =sumPlayerGoals(A8) -> #NAME? | G8: =countPlayerWins(A8) -> #NAME? | H8: =countPlayerDraws(A8) -> #NAME? | I8: =countPlayerLosses(A8) -> #NAME? | J8: =sumPlayerTeamGoals(A8) -> #NAME? | K8: =J8/B8 -> #NAME? | L8: =sumPlayerConcededGoals(A8) -> #NAME? | M8: =L8/B8 -> #NAME? | N8: =K8-M8 -> #NAME? | O8: =D8/B8 -> #NAME? | S8: =G8/B8 -> #NAME? | T8: =H8/B8 -> #NAME? | U8: =I8/B8 -> #NAME? | V8: =B8/49 -> #NAME? | W8: =goalsPerGameInWins(A8) -> #NAME? | X8: =goalsPerGameInLosses(A8) -> #NAME? | Y8: =W8-X8 -> #NAME? | Z8: =LongestWinStreak(A8) -> #NAME? | AA8: =longestLossStreakEndingWithWin(A8) -> #NAME?
A9: Corin | B9: =countPlayerOccurrences(A9) -> #NAME? | C9: =SUM(B9, Apps!D9) -> #NAME? | D9: =sumPlayerGoals(A9) -> #NAME? | G9: =countPlayerWins(A9) -> #NAME? | H9: =countPlayerDraws(A9) -> #NAME? | I9: =countPlayerLosses(A9) -> #NAME? | J9: =sumPlayerTeamGoals(A9) -> #NAME? | K9: =J9/B9 -> #NAME? | L9: =sumPlayerConcededGoals(A9) -> #NAME? | M9: =L9/B9 -> #NAME? | N9: =K9-M9 -> #NAME? | O9: =D9/B9 -> #NAME? | S9: =G9/B9 -> #NAME? | T9: =H9/B9 -> #NAME? | U9: =I9/B9 -> #NAME? | V9: =B9/49 -> #NAME? | W9: =goalsPerGameInWins(A9) -> #NAME? | X9: =goalsPerGameInLosses(A9) -> #NAME? | Y9: =W9-X9 -> #NAME? | Z9: =LongestWinStreak(A9) -> #NAME? | AA9: =longestLossStreakEndingWithWin(A9) -> #NAME?
A10: Crell | B10: =countPlayerOccurrences(A10) -> #NAME? | C10: =SUM(B10, Apps!D10) -> #NAME? | D10: =sumPlayerGoals(A10) -> #NAME? | G10: =countPlayerWins(A10) -> #NAME? | H10: =countPlayerDraws(A10) -> #NAME? | I10: =countPlayerLosses(A10) -> #NAME? | J10: =sumPlayerTeamGoals(A10) -> #NAME? | K10: =J10/B10 -> #NAME? | L10: =sumPlayerConcededGoals(A10) -> #NAME? | M10: =L10/B10 -> #NAME? | N10: =K10-M10 -> #NAME? | O10: =D10/B10 -> #NAME? | S10: =G10/B10 -> #NAME? | T10: =H10/B10 -> #NAME? | U10: =I10/B10 -> #NAME? | V10: =B10/49 -> #NAME? | W10: =goalsPerGameInWins(A10) -> #NAME? | X10: =goalsPerGameInLosses(A10) -> #NAME? | Y10: =W10-X10 -> #NAME? | Z10: =LongestWinStreak(A10) -> #NAME? | AA10: =longestLossStreakEndingWithWin(A10) -> #NAME?
A11: Dave | B11: =countPlayerOccurrences(A11) -> #NAME? | C11: =SUM(B11, Apps!D11) -> #NAME? | D11: =sumPlayerGoals(A11) -> #NAME? | G11: =countPlayerWins(A11) -> #NAME? | H11: =countPlayerDraws(A11) -> #NAME? | I11: =countPlayerLosses(A11) -> #NAME? | J11: =sumPlayerTeamGoals(A11) -> #NAME? | K11: =J11/B11 -> #NAME? | L11: =sumPlayerConcededGoals(A11) -> #NAME? | M11: =L11/B11 -> #NAME? | N11: =K11-M11 -> #NAME? | O11: =D11/B11 -> #NAME? | S11: =G11/B11 -> #NAME? | T11: =H11/B11 -> #NAME? | U11: =I11/B11 -> #NAME? | V11: =B11/49 -> #NAME? | W11: =goalsPerGameInWins(A11) -> #NAME? | X11: =goalsPerGameInLosses(A11) -> #NAME? | Y11: =W11-X11 -> #NAME? | Z11: =LongestWinStreak(A11) -> #NAME? | AA11: =longestLossStreakEndingWithWin(A11) -> #NAME?
A12: Ewan | B12: =countPlayerOccurrences(A12) -> #NAME? | C12: =SUM(B12, Apps!D12) -> #NAME? | D12: =sumPlayerGoals(A12) -> #NAME? | G12: =countPlayerWins(A12) -> #NAME? | H12: =countPlayerDraws(A12) -> #NAME? | I12: =countPlayerLosses(A12) -> #NAME? | J12: =sumPlayerTeamGoals(A12) -> #NAME? | K12: =J12/B12 -> #NAME? | L12: =sumPlayerConcededGoals(A12) -> #NAME? | M12: =L12/B12 -> #NAME? | N12: =K12-M12 -> #NAME? | O12: =D12/B12 -> #NAME? | S12: =G12/B12 -> #NAME? | T12: =H12/B12 -> #NAME? | U12: =I12/B12 -> #NAME? | V12: =B12/49 -> #NAME? | W12: =goalsPerGameInWins(A12) -> #NAME? | X12: =goalsPerGameInLosses(A12) -> #NAME? | Y12: =W12-X12 -> #NAME? | Z12: =LongestWinStreak(A12) -> #NAME? | AA12: =longestLossStreakEndingWithWin(A12) -> #NAME?
A13: Gman | B13: =countPlayerOccurrences(A13) -> #NAME? | C13: =SUM(B13, Apps!D13) -> #NAME? | D13: =sumPlayerGoals(A13) -> #NAME? | G13: =countPlayerWins(A13) -> #NAME? | H13: =countPlayerDraws(A13) -> #NAME? | I13: =countPlayerLosses(A13) -> #NAME? | J13: =sumPlayerTeamGoals(A13) -> #NAME? | K13: =J13/B13 -> #NAME? | L13: =sumPlayerConcededGoals(A13) -> #NAME? | M13: =L13/B13 -> #NAME? | N13: =K13-M13 -> #NAME? | O13: =D13/B13 -> #NAME? | S13: =G13/B13 -> #NAME? | T13: =H13/B13 -> #NAME? | U13: =I13/B13 -> #NAME? | V13: =B13/49 -> #NAME? | W13: =goalsPerGameInWins(A13) -> #NAME? | X13: =goalsPerGameInLosses(A13) -> #NAME? | Y13: =W13-X13 -> #NAME? | Z13: =LongestWinStreak(A13) -> #NAME? | AA13: =longestLossStreakEndingWithWin(A13) -> #NAME?
... A35: JPH | B35: =countPlayerOccurrences(A35) -> #NAME? | C35: =SUM(B35, Apps!D35) -> #NAME? | D35: =sumPlayerGoals(A35) -> #NAME? | G35: =countPlayerWins(A35) -> #NAME? | H35: =countPlayerDraws(A35) -> #NAME? | I35: =countPlayerLosses(A35) -> #NAME? | J35: =sumPlayerTeamGoals(A35) -> #NAME? | K35: =J35/B35 -> #NAME? | L35: =sumPlayerConcededGoals(A35) -> #NAME? | M35: =L35/B35 -> #NAME? | N35: =K35-M35 -> #NAME? | O35: =D35/B35 -> #NAME? | S35: =G35/B35 -> #NAME? | T35: =H35/B35 -> #NAME? | U35: =I35/B35 -> #NAME? | V35: =B35/49 -> #NAME? | W35: =goalsPerGameInWins(A35) -> #NAME? | X35: =goalsPerGameInLosses(A35) -> #NAME? | Y35: =W35-X35 -> #NAME? | Z35: =LongestWinStreak(A35) -> #NAME? | AA35: =longestLossStreakEndingWithWin(A35) -> #NAME?

Sheet Apps
A1: Name | B1: 2024 | C1: 2025 | D1: Total | E1: Remaining
A2: Will Mac | B2: 43 | C2: 33 | D2: =SUM(B2:C2) -> 76 | E2: =100-D2 -> 24 | F2: Y | G2: 1st | H2: July
A3: Joe | B3: 40 | C3: 34 | D3: =SUM(B3:C3) -> 74 | E3: =100-D3 -> 26 | F3: N
A4: Jez | B4: 44 | C4: 28 | D4: =SUM(B4:C4) -> 72 | E4: =100-D4 -> 28 | F4: Y | G4: 2nd | H4: July
A5: Crell | B5: 38 | C5: 31 | D5: =SUM(B5:C5) -> 69 | E5: =100-D5 -> 31 | F5: N
A6: Gman | B6: 37 | C6: 31 | D6: =SUM(B6:C6) -> 68 | E6: =100-D6 -> 32 | F6: N
A7: Bill | B7: 34 | C7: 33 | D7: =SUM(B7:C7) -> 67 | E7: =100-D7 -> 33 | F7: N
A8: Char | B8: 39 | C8: 28 | D8: =SUM(B8:C8) -> 67 | E8: =100-D8 -> 33 | F8: Y | G8: 4th | H8: August
A9: Dave | B9: 29 | C9: 38 | D9: =SUM(B9:C9) -> 67 | E9: =100-D9 -> 33 | F9: Y | G9: 3rd | H9: August
A10: Kempy | B10: 32 | C10: 34 | D10: =SUM(B10:C10) -> 66 | E10: =100-D10 -> 34 | F10: N
A11: Harry | B11: 33 | C11: 31 | D11: =SUM(B11:C11) -> 64 | E11: =100-D11 -> 36 | F11: N
A12: Nairn | B12: 28 | C12: 34 | D12: =SUM(B12:C12) -> 62 | E12: =100-D12 -> 38 | F12: N
A13: Leo | B13: 27 | C13: 26 | D13: =SUM(B13:C13) -> 53 | E13: =100-D13 -> 47 | F13: N
A14: LG | B14: 43 | C14: 10 | D14: =SUM(B14:C14) -> 53 | E14: =100-D14 -> 47 | F14: N
A15: Luke | B15: 15 | C15: 17 | D15: =SUM(B15:C15) -> 32 | E15: =100-D15 -> 68 | F15: N
A16: Ram | B16: 17 | C16: 10 | D16: =SUM(B16:C16) -> 27 | E16: =100-D16 -> 73 | F16: N
A17: Jay | B17: 15 | C17: 9 | D17: =SUM(B17:C17) -> 24 | E17: =100-D17 -> 76 | F17: N
A18: Jamal | B18: 10 | C18: 11 | D18: =SUM(B18:C18) -> 21 | E18: =100-D18 -> 79 | F18: N
A19: Joel | B19: 11 | C19: 6 | D19: =SUM(B19:C19) -> 17 | E19: =100-D19 -> 83 | F19: N
A20: Jan | B20: 13 | C20: 0 | D20: =SUM(B20:C20) -> 13 | E20: =100-D20 -> 87 | F20: N
A21: Ben | B21: 11 | C21: 1 | D21: =SUM(B21:C21) -> 12 | E21: =100-D21 -> 88 | F21: N
... A35: JPH | B35: 0 | C35: 0 | D35: =SUM(B35:C35) -> 0 | E35: =100-D35 -> 100 | F35: N

Sheet Awards
B1: Award | C1: Category | D1: Explanation | E1: Prize | F1: Winner 26 | G1: Winner 25 | H1: Winner 24 | K1: Potential ideas
B2: Top Scorer | C2: Stats | D2: Most overall goals | E2: Medal | H2: Jez | K2: Gaffer's Bain | L2: most drops
B3: Golden Boot | C3: Stats | D3: Most goals per game | E3: Trophy | G3: Nairn (3.15) | H3: Nairn | K3: Gaffer's Pet | L3: Fastest drafter
B4: Wooden Boot | C4: Stats | D4: Least goals per game | E4: Wood chip | G4: George | H4: Gman
B5: Assist King | C5: Stats | D5: Most assists per game
B6: G+A | C6: Stats | D6: Most goals and assists combined per game
B7: XgA/90 | C7: Stats | D7: Most clean sheets/game
B8: Captain Fantastic | C8: Stats | D8: Highest Win Rate as captain
B9: Captain Shit | C9: Stats | D9: Lowest Win rate as captain
B10: Winners always Win | C10: Stats | D10: Highest win% | E10: Trophy | G10: Joe (58.87) | H10: Jan
B11: Better Together | C11: Stats | D11: Highest win% as a pair | E11: 2x Medal | G11: Bill + Kempy | H11: Jez + Harry
B12: Gruesome Twosome | C12: Stats | D12: Lowest win% as a pair | E12: 2x wooden spoon | G12: Nairn + Kempy (28%) | H12: Dave + Char
B13: Rainbow Road | C13: Stats | D13: Longest Win Streak | E13: Medal | G13: Joe, Crell, Gman, Char, Bill | H13: Harry
B14: Skid Mark | C14: Stats | D14: Longest Losing Streak | E14: Wooden spoon | G14: Char | H14: Char
B15: Data Darling | C15: Stats | D15: Subjective but someone who stands out as an overperformer in the data | E15: Medal | H15: Bill
B16: Nemesis | C16: Stats | D16: 2 Players with the most statistically significant win/loss rate when in opposition | E16: Medal, spoon | G16: Bill (vs Harry) | H16: Kempy (vs Dave)
B17: Got that Dawg in him | G17: Char | H17: N/A
B18: Flat Track Bully | G18: Leo | H18: N/A
B20: Player of the year | C20: Vote | D20: Self-explanatory | E20: Trophy | G20: Joe | H20: Joe
B21: Biggest Diva | C21: Vote | D21: Self-explanatory | E21: Medal | H21: Crell
B22: Fastest Pint (live) | C22: Vote | D22: Self-explanatory | E22: Medal | G22: Joel | H22: Joel
B23: Most improved | C23: Vote | D23: Self-explanatory | E23: Medal | G23: Leo | H23: Gman
B24: Baller (Creative Spark) | C24: Vote | D24: Makes things happen ✨️ | E24: Medal | G24: Kempy | H24: Kempy
B25: Assist King | C25: Vote | E25: Medal | H25: Will Mac
B26: Golden Glove | C26: Vote | D26: Top Keeper | E26: Trophy | G26: Joe | H26: LG
B27: Wooden Glove | C27: Vote | D27: Worst Keeper | E27: Wood Chip | G27: Nairn | H27: Nairn
B28: Player's Player | C28: Vote | D28: Should lean towards teamwork | E28: Trophy | G28: Will Mac | H28: Will Mac
B29: Brick Wall | C29: Vote | D29: Best defender | E29: Medal | G29: Harry | H29: Harry
B30: Ankle Breaker (tough tackler) | C30: Vote | D30: Self-explanatory | E30: Medal | G30: Dave | H30: Jez
B31: Joe Davies Award | C31: Vote | D31: Non-Joe player of the year | E31: Medal | G31: Bill | H31: Nairn
B32: Jekyll and Hyde | C32: Vote | D32: Most inconsistent player | E32: Silver Spoon | G32: Crell | H32: Char
B33: Unsung Hero | C33: Vote | D33: Self-explanatory | E33: Medal | H33: Ben
B34: Best dressed | C34: Vote | D34: Self-explanatory | E34: Medal | G34: Char | H34: LG
B35: Post-game MVP | C35: Vote | D35: Good vibes etc. | E35: Medal | G35: Harry | H35: N/A
